id,name,alpha2,alpha3
662,"Αγία Λουκία",lc,lca
652,"Άγιος Βαρθολομαίος",bl,blm
663,"Άγιος Μαρτίνος (Γαλλία)",mf,maf
534,"Άγιος Μαρτίνος (Ολλανδία)",sx,sxm
670,"Άγιος Βικέντιος και Γρεναδίνες",vc,vct
674,"Άγιος Μαρίνος",sm,smr
666,"Σαιν Πιερ και Μικελόν",pm,spm
659,"Άγιος Χριστόφορος και Νέβις",kn,kna
31,Αζερμπαϊτζάν,az,aze
818,Αίγυπτος,eg,egy
231,Αιθιοπία,et,eth
332,Αϊτή,ht,hti
384,"Ακτή Ελεφαντοστού",ci,civ
8,Αλβανία,al,alb
12,Αλγερία,dz,dza
16,"Αμερικανική Σαμόα",as,asm
626,"Ανατολικό Τιμόρ",tl,tls
24,Ανγκόλα,ao,ago
660,Ανγκουίλα,ai,aia
20,Ανδόρρα,ad,and
10,Ανταρκτική,aq,ata
28,"Αντίγκουα και Μπαρμπούντα",ag,atg
32,Αργεντινή,ar,arg
51,Αρμενία,am,arm
533,Αρούμπα,aw,abw
36,Αυστραλία,au,aus
40,Αυστρία,at,aut
4,Αφγανιστάν,af,afg
548,Βανουάτου,vu,vut
336,Βατικανό,va,vat
56,Βέλγιο,be,bel
862,Βενεζουέλα,ve,ven
60,Βερμούδες,bm,bmu
704,Βιετνάμ,vn,vnm
68,Βολιβία,bo,bol
408,"Βόρεια Κορέα",kp,prk
70,Βοσνία-Ερζεγοβίνη,ba,bih
100,Βουλγαρία,bg,bgr
76,Βραζιλία,br,bra
86,"Βρετανικό Έδαφος Ινδικού Ωκεανού",io,iot
92,"Βρετανικές Παρθένοι Νήσοι",vg,vgb
250,Γαλλία,fr,fra
260,"Γαλλικά Νότια και Ανταρκτικά Εδάφη",tf,atf
254,"Γαλλική Γουιάνα",gf,guf
258,"Γαλλική Πολυνησία",pf,pyf
276,Γερμανία,de,deu
268,Γεωργία,ge,geo
292,Γιβραλτάρ,gi,gib
270,Γκάμπια,gm,gmb
266,Γκαμπόν,ga,gab
288,Γκάνα,gh,gha
831,Γκέρνσεϊ,gg,ggy
316,Γκουάμ,gu,gum
312,Γουαδελούπη,gp,glp
320,Γουατεμάλα,gt,gtm
328,Γουιάνα,gy,guy
324,Γουινέα,gn,gin
624,Γουινέα-Μπισσάου,gw,gnb
308,Γρενάδα,gd,grd
304,Γροιλανδία,gl,grl
208,Δανία,dk,dnk
214,"Δομινικανή Δημοκρατία",do,dom
275,"Δυτική Όχθη",ps,pse
732,"Δυτική Σαχάρα",eh,esh
222,"Ελ Σαλβαδόρ",sv,slv
756,Ελβετία,ch,che
300,Ελλάδα,gr,grc
232,Ερυθραία,er,eri
233,Εσθονία,ee,est
894,Ζάμπια,zm,zmb
716,Ζιμπάμπουε,zw,zwe
784,"Ηνωμένα Αραβικά Εμιράτα",ae,are
840,"Ηνωμένες Πολιτείες Αμερικής",us,usa
581,"Απομακρυσμένες Νησίδες των Ηνωμένων Πολιτειών",um,umi
826,"Ηνωμένο Βασίλειο",gb,gbr
392,Ιαπωνία,jp,jpn
356,Ινδία,in,ind
360,Ινδονησία,id,idn
400,Ιορδανία,jo,jor
368,Ιράκ,iq,irq
364,Ιράν,ir,irn
372,Ιρλανδία,ie,irl
226,"Ισημερινή Γουινέα",gq,gnq
218,Ισημερινός,ec,ecu
352,Ισλανδία,is,isl
724,Ισπανία,es,esp
376,Ισραήλ,il,isr
380,Ιταλία,it,ita
398,Καζακστάν,kz,kaz
120,Καμερούν,cm,cmr
116,Καμπότζη,kh,khm
124,Καναδάς,ca,can
634,Κατάρ,qa,qat
140,"Κεντροαφρικανική Δημοκρατία",cf,caf
404,Κένυα,ke,ken
156,Κίνα,cn,chn
417,Κιργιζία,kg,kgz
296,Κιριμπάτι,ki,kir
178,Κογκό,cg,cog
170,Κολομβία,co,col
174,Κομόρες,km,com
188,"Κόστα Ρίκα",cr,cri
192,Κούβα,cu,cub
414,Κουβέιτ,kw,kwt
531,Κουρασάο,cw,cuw
191,Κροατία,hr,hrv
196,Κύπρος,cy,cyp
180,"Λαϊκή Δημοκρατία του Κογκό",cd,cod
418,Λάος,la,lao
426,Λεσότο,ls,lso
428,Λεττονία,lv,lva
112,Λευκορωσία,by,blr
422,Λίβανος,lb,lbn
430,Λιβερία,lr,lbr
434,Λιβύη,ly,lby
440,Λιθουανία,lt,ltu
438,Λίχτενσταϊν,li,lie
442,Λουξεμβούργο,lu,lux
175,Μαγιότ,yt,myt
450,Μαδαγασκάρη,mg,mdg
446,Μακάο,mo,mac
458,Μαλαισία,my,mys
454,Μαλάουι,mw,mwi
462,Μαλδίβες,mv,mdv
466,Μάλι,ml,mli
470,Μάλτα,mt,mlt
504,Μαρόκο,ma,mar
474,Μαρτινίκα,mq,mtq
480,Μαυρίκιος,mu,mus
478,Μαυριτανία,mr,mrt
499,Μαυροβούνιο,me,mne
484,Μεξικό,mx,mex
104,"Μιανμάρ (Βιρμανία)",mm,mmr
496,Μογγολία,mn,mng
508,Μοζαμβίκη,mz,moz
498,Μολδαβία,md,mda
492,Μονακό,mc,mco
500,Μοντσερράτ,ms,msr
50,Μπανγκλαντές,bd,bgd
52,Μπαρμπάντος,bb,brb
44,Μπαχάμες,bs,bhs
48,Μπαχρέιν,bh,bhr
84,Μπελίζ,bz,blz
204,Μπενίν,bj,ben
535,"Μποναίρ, Άγιος Ευστάθιος και Σάμπα (Bonaire, Sint Eustatius and Saba)",bq,bes
72,Μποτσουάνα,bw,bwa
854,"Μπουρκίνα Φάσο",bf,bfa
108,Μπουρούντι,bi,bdi
64,Μπουτάν,bt,btn
96,Μπρουνέι,bn,brn
516,Ναμίμπια,na,nam
520,Ναουρού,nr,nru
554,"Νέα Ζηλανδία",nz,nzl
540,"Νέα Καληδονία",nc,ncl
524,Νεπάλ,np,npl
74,Μπουβέ,bv,bvt
574,"Νησί Νόρφολκ",nf,nfk
162,"Νήσος των Χριστουγέννων",cx,cxr
166,"Νησιά Κόκος (Keeling)",cc,cck
248,Ώλαντ,ax,ala
580,"Βόρειες Μαριάνες Νήσοι",mp,mnp
584,"Νήσοι Μάρσαλ",mh,mhl
612,"Νησιά Πίτκερν",pn,pcn
136,"Κέιμαν Νήσοι",ky,cym
184,"Νήσοι Κουκ",ck,cok
90,"Νήσοι Σολομώντα",sb,slb
234,"Νήσοι Φερόες",fo,fro
238,"Νήσοι Φώκλαντ",fk,flk
833,"Νήσος Μαν",im,imn
334,"Νήσοι Χερντ και Μακντόναλντ",hm,hmd
562,Νίγηρας,ne,ner
566,Νιγηρία,ng,nga
558,Νικαράγουα,ni,nic
570,Νιούε,nu,niu
578,Νορβηγία,no,nor
710,"Νότια Αφρική",za,zaf
239,"Νήσοι Νότια Γεωργία και Νότιες Σάντουιτς",gs,sgs
410,"Νότια Κορέα",kr,kor
728,"Νότιο Σουδάν",ss,ssd
212,Δομινίκα,dm,dma
528,"Ολλανδία (Κάτω Χώρες)",nl,nld
512,Ομάν,om,omn
583,"Ομόσπονδες Πολιτείες της Μικρονησίας",fm,fsm
340,Ονδούρα,hn,hnd
876,"Ουαλίς και Φουτουνά",wf,wlf
348,Ουγγαρία,hu,hun
800,Ουγκάντα,ug,uga
860,Ουζμπεκιστάν,uz,uzb
804,Ουκρανία,ua,ukr
858,Ουρουγουάη,uy,ury
586,Πακιστάν,pk,pak
585,Παλάου,pw,plw
591,Παναμάς,pa,pan
598,"Παπούα Νέα Γουινέα",pg,png
600,Παραγουάη,py,pry
850,"Αμερικανικές Παρθένοι Νήσοι",vi,vir
807,ΠΓΔΜ,mk,mkd
604,Περού,pe,per
616,Πολωνία,pl,pol
620,Πορτογαλία,pt,prt
630,"Πουέρτο Ρίκο",pr,pri
132,"Πράσινο Ακρωτήρι",cv,cpv
638,Ρεϊνιόν,re,reu
646,Ρουάντα,rw,rwa
642,Ρουμανία,ro,rou
643,Ρωσία,ru,rus
882,Σαμόα,ws,wsm
654,"Νήσος Αγίας Ελένης",sh,shn
678,"Σάο Τομέ και Πρίνσιπε",st,stp
682,"Σαουδική Αραβία",sa,sau
744,Σβάλμπαρντ,sj,sjm
686,Σενεγάλη,sn,sen
688,Σερβία,rs,srb
690,Σεϋχέλλες,sc,syc
694,"Σιέρα Λεόνε",sl,sle
702,Σιγκαπούρη,sg,sgp
703,Σλοβακία,sk,svk
705,Σλοβενία,si,svn
706,Σομαλία,so,som
748,Σουαζιλάνδη,sz,swz
729,Σουδάν,sd,sdn
752,Σουηδία,se,swe
740,Σουρινάμ,sr,sur
144,"Σρι Λάνκα",lk,lka
760,Συρία,sy,syr
158,Ταϊβάν,tw,twn
764,Ταϊλάνδη,th,tha
834,Τανζανία,tz,tza
762,Τατζικιστάν,tj,tjk
796,"Τερκς και Κέικος",tc,tca
388,Τζαμάικα,jm,jam
832,Τζέρσεϊ,je,jey
262,Τζιμπουτί,dj,dji
776,Τόγκα,to,ton
768,Τόγκο,tg,tgo
772,Τοκελάου,tk,tkl
798,Τουβαλού,tv,tuv
792,Τουρκία,tr,tur
795,Τουρκμενιστάν,tm,tkm
780,"Τρινιντάντ και Τομπάγκο",tt,tto
148,Τσαντ,td,tcd
203,Τσεχία,cz,cze
788,Τυνησία,tn,tun
887,Υεμένη,ye,yem
608,Φιλιππίνες,ph,phl
246,Φινλανδία,fi,fin
242,Φίτζι,fj,fji
152,Χιλή,cl,chl
344,"Χονγκ Κονγκ",hk,hkg
