id,name,alpha2,alpha3
352,アイスランド,is,isl
372,アイルランド,ie,irl
31,アゼルバイジャン,az,aze
4,アフガニスタン,af,afg
840,アメリカ合衆国,us,usa
850,アメリカ領ヴァージン諸島,vi,vir
16,アメリカ領サモア,as,asm
784,アラブ首長国連邦,ae,are
12,アルジェリア,dz,dza
32,アルゼンチン,ar,arg
533,アルバ,aw,abw
8,アルバニア,al,alb
51,アルメニア,am,arm
660,アンギラ,ai,aia
24,アンゴラ,ao,ago
28,アンティグア・バーブーダ,ag,atg
20,アンドラ,ad,and
887,イエメン,ye,yem
826,イギリス,gb,gbr
86,イギリス領インド洋地域,io,iot
92,イギリス領ヴァージン諸島,vg,vgb
376,イスラエル,il,isr
380,イタリア,it,ita
368,イラク,iq,irq
364,イラン・イスラム共和国,ir,irn
356,インド,in,ind
360,インドネシア,id,idn
876,ウォリス・フツナ,wf,wlf
800,ウガンダ,ug,uga
804,ウクライナ,ua,ukr
860,ウズベキスタン,uz,uzb
858,ウルグアイ,uy,ury
218,エクアドル,ec,ecu
818,エジプト,eg,egy
233,エストニア,ee,est
231,エチオピア,et,eth
232,エリトリア,er,eri
222,エルサルバドル,sv,slv
36,オーストラリア,au,aus
40,オーストリア,at,aut
248,オーランド諸島,ax,ala
512,オマーン,om,omn
528,オランダ,nl,nld
288,ガーナ,gh,gha
132,カーボベルデ,cv,cpv
831,ガーンジー,gg,ggy
328,ガイアナ,gy,guy
398,カザフスタン,kz,kaz
634,カタール,qa,qat
581,合衆国領有小離島,um,umi
124,カナダ,ca,can
266,ガボン,ga,gab
120,カメルーン,cm,cmr
270,ガンビア,gm,gmb
116,カンボジア,kh,khm
580,北マリアナ諸島,mp,mnp
324,ギニア,gn,gin
624,ギニアビサウ,gw,gnb
196,キプロス,cy,cyp
192,キューバ,cu,cub
531,キュラソー,cw,cuw
300,ギリシャ,gr,grc
296,キリバス,ki,kir
417,キルギス,kg,kgz
320,グアテマラ,gt,gtm
312,グアドループ,gp,glp
316,グアム,gu,gum
414,クウェート,kw,kwt
184,クック諸島,ck,cok
304,グリーンランド,gl,grl
162,クリスマス島,cx,cxr
308,グレナダ,gd,grd
191,クロアチア,hr,hrv
136,ケイマン諸島,ky,cym
404,ケニア,ke,ken
384,コートジボワール,ci,civ
166,ココス（キーリング）諸島,cc,cck
188,コスタリカ,cr,cri
174,コモロ,km,com
170,コロンビア,co,col
178,コンゴ共和国,cg,cog
180,コンゴ民主共和国,cd,cod
682,サウジアラビア,sa,sau
239,サウスジョージア・サウスサンドウィッチ諸島,gs,sgs
882,サモア,ws,wsm
678,サントメ・プリンシペ,st,stp
652,サン・バルテルミー,bl,blm
894,ザンビア,zm,zmb
666,サンピエール島・ミクロン島,pm,spm
674,サンマリノ,sm,smr
663,サン・マルタン（フランス領）,mf,maf
694,シエラレオネ,sl,sle
262,ジブチ,dj,dji
292,ジブラルタル,gi,gib
832,ジャージー,je,jey
388,ジャマイカ,jm,jam
268,ジョージア,ge,geo
760,シリア・アラブ共和国,sy,syr
702,シンガポール,sg,sgp
534,シント・マールテン（オランダ領）,sx,sxm
716,ジンバブエ,zw,zwe
756,スイス,ch,che
752,スウェーデン,se,swe
729,スーダン,sd,sdn
744,スヴァールバル諸島およびヤンマイエン島,sj,sjm
724,スペイン,es,esp
740,スリナム,sr,sur
144,スリランカ,lk,lka
703,スロバキア,sk,svk
705,スロベニア,si,svn
748,スワジランド,sz,swz
690,セーシェル,sc,syc
226,赤道ギニア,gq,gnq
686,セネガル,sn,sen
688,セルビア,rs,srb
659,セントクリストファー・ネイビス,kn,kna
670,セントビンセントおよびグレナディーン諸島,vc,vct
654,セントヘレナ・アセンションおよびトリスタンダクーニャ,sh,shn
662,セントルシア,lc,lca
706,ソマリア,so,som
90,ソロモン諸島,sb,slb
796,タークス・カイコス諸島,tc,tca
764,タイ,th,tha
410,大韓民国,kr,kor
158,中国台湾省（中華民国）,tw,twn
762,タジキスタン,tj,tjk
834,タンザニア,tz,tza
203,チェコ,cz,cze
148,チャド,td,tcd
140,中央アフリカ共和国,cf,caf
156,中華人民共和国,cn,chn
788,チュニジア,tn,tun
408,朝鮮民主主義人民共和国,kp,prk
152,チリ,cl,chl
798,ツバル,tv,tuv
208,デンマーク,dk,dnk
276,ドイツ,de,deu
768,トーゴ,tg,tgo
772,トケラウ,tk,tkl
214,ドミニカ共和国,do,dom
212,ドミニカ国,dm,dma
780,トリニダード・トバゴ,tt,tto
795,トルクメニスタン,tm,tkm
792,トルコ,tr,tur
776,トンガ,to,ton
566,ナイジェリア,ng,nga
520,ナウル,nr,nru
516,ナミビア,na,nam
10,南極,aq,ata
570,ニウエ,nu,niu
558,ニカラグア,ni,nic
562,ニジェール,ne,ner
392,日本,jp,jpn
732,西サハラ,eh,esh
540,ニューカレドニア,nc,ncl
554,ニュージーランド,nz,nzl
524,ネパール,np,npl
574,ノーフォーク島,nf,nfk
578,ノルウェー,no,nor
334,ハード島とマクドナルド諸島,hm,hmd
48,バーレーン,bh,bhr
332,ハイチ,ht,hti
586,パキスタン,pk,pak
336,バチカン市国,va,vat
591,パナマ,pa,pan
548,バヌアツ,vu,vut
44,バハマ,bs,bhs
598,パプアニューギニア,pg,png
60,バミューダ,bm,bmu
585,パラオ,pw,plw
600,パラグアイ,py,pry
52,バルバドス,bb,brb
275,パレスチナ,ps,pse
348,ハンガリー,hu,hun
50,バングラデシュ,bd,bgd
626,東ティモール,tl,tls
612,ピトケアン,pn,pcn
242,フィジー,fj,fji
608,フィリピン,ph,phl
246,フィンランド,fi,fin
64,ブータン,bt,btn
74,ブーベ島,bv,bvt
630,プエルトリコ,pr,pri
234,フェロー諸島,fo,fro
238,フォークランド（マルビナス）諸島,fk,flk
76,ブラジル,br,bra
250,フランス,fr,fra
254,フランス領ギアナ,gf,guf
258,フランス領ポリネシア,pf,pyf
260,フランス領南方・南極地域,tf,atf
100,ブルガリア,bg,bgr
854,ブルキナファソ,bf,bfa
96,ブルネイ・ダルサラーム,bn,brn
108,ブルンジ,bi,bdi
704,ベトナム,vn,vnm
204,ベナン,bj,ben
862,ベネズエラ・ボリバル共和国,ve,ven
112,ベラルーシ,by,blr
84,ベリーズ,bz,blz
604,ペルー,pe,per
56,ベルギー,be,bel
616,ポーランド,pl,pol
70,ボスニア・ヘルツェゴビナ,ba,bih
72,ボツワナ,bw,bwa
535,ボネール、シント・ユースタティウスおよびサバ,bq,bes
68,ボリビア多民族国,bo,bol
620,ポルトガル,pt,prt
344,香港,hk,hkg
340,ホンジュラス,hn,hnd
584,マーシャル諸島,mh,mhl
446,マカオ,mo,mac
807,マケドニア旧ユーゴスラビア共和国,mk,mkd
450,マダガスカル,mg,mdg
175,マヨット,yt,myt
454,マラウイ,mw,mwi
466,マリ,ml,mli
470,マルタ,mt,mlt
474,マルティニーク,mq,mtq
458,マレーシア,my,mys
833,マン島,im,imn
583,ミクロネシア連邦,fm,fsm
710,南アフリカ,za,zaf
728,南スーダン,ss,ssd
104,ミャンマー,mm,mmr
484,メキシコ,mx,mex
480,モーリシャス,mu,mus
478,モーリタニア,mr,mrt
508,モザンビーク,mz,moz
492,モナコ,mc,mco
462,モルディブ,mv,mdv
498,モルドバ共和国,md,mda
504,モロッコ,ma,mar
496,モンゴル,mn,mng
499,モンテネグロ,me,mne
500,モントセラト,ms,msr
400,ヨルダン,jo,jor
418,ラオス人民民主共和国,la,lao
428,ラトビア,lv,lva
440,リトアニア,lt,ltu
434,リビア,ly,lby
438,リヒテンシュタイン,li,lie
430,リベリア,lr,lbr
642,ルーマニア,ro,rou
442,ルクセンブルク,lu,lux
646,ルワンダ,rw,rwa
426,レソト,ls,lso
422,レバノン,lb,lbn
638,レユニオン,re,reu
643,ロシア連邦,ru,rus
